224;61;14;
codigo;semestre;numero;nome;curso;CH;area;
1;1;T1;INTRODUÇÃO A COMPUTAÇÃO;CC;2;00000000000010;
2;1;T1;ALGORITMOS E PROGRAMAÇÃO I;CC;6;10000000000000;
3;1;T2;PROGRAMAÇÃO PARA DISPOSITIVOS MÓVEIS;TADS;4;00000000010000;
4;1;T1;LINGUAGEM DE PROGRAMAÇÃO ORIENTADA A OBJETOS;CC;4;10000000000000;
5;1;T3;LINGUAGEM DE PROGRAMAÇÃO ORIENTADA A OBJETOS;SI;4;10000000000000;
6;2;T3;LINGUAGEM DE PROGRAMAÇÃO ORIENTADA A OBJETOS;ES;4;10000000000000;
7;2;T1;PROGRAMAÇÃO PARA DISPOSITIVOS MÓVEIS;CC + EC + SI + ES + TADS;4;00000000010000;
8;1;T8;PRÁTICA EM DESENVOLVIMENTO DE SOFTWARE I;ES;2;00000100000000;
9;1;T1;GERÊNCIA DE CONFIGURAÇÃO DE SOFTWARE;ES;2;00000100000000;
10;1;T6;PRÁTICA EM DESENVOLVIMENTO DE SOFTWARE I;ES;2;00000100000000;
11;2;T1;ENGENHARIA DE SOFTWARE EXPERIMENTAL;ES;4;00000100000000;
12;2;T1;GERÊNCIA DE CONFIGURAÇÃO DE SOFTWARE;ES;2;00000100000000;
13;2;T8;PRÁTICA EM DESENVOLVIMENTO DE SOFTWARE II;ES;2;00000100000000;
14;2;T6;PRÁTICA EM DESENVOLVIMENTO DE SOFTWARE II;ES;2;00000100000000;
15;1;T2;INTRODUÇÃO A COMPUTAÇÃO;EC;2;00000000000010;
16;1;T1;COMPILADORES I;CC;4;00000010000000;
17;2;T1;COMPILADORES I;EC;4;00000010000000;
18;1;T1;GOVERNANÇA DE TECNOLOGIA DA INFORMAÇÃO;SI;4;00001000000000;
19;1;T2;FUNDAMENTOS DE REDES DE COMPUTADORES;SI;4;00001000000000;
20;2;T1;GERENCIAMENTO DE SERVIÇOS DE TI;SI;4;00000000100000;
21;2;T2;COMPUTAÇÃO DISTRIBUÍDA;SI;4;00000000100000;
22;2;T1;FUNDAMENTOS DE REDES DE COMPUTADORES;TADS;4;00001000000000;
23;1;T1;ENGENHARIA DE SOFTWARE - PÓS;POS;4;00000100000000;
24;1;T1;TÓPICOS EM ENGENHARIA DE SOFTWARE II;SI + CC + EC + ES + TADS;4;00000100000000;
25;2;T1;PRÁTICA EM DESENVOLVIMENTO DE SOFTWARE II;ES;2;00000100000000;
26;2;T4;BANCO DE DADOS;CC + EC + ES + SI;4;00000000000001;
27;2;T3;PRÁTICA EM DESENVOLVIMENTO DE SOFTWARE II;ES;2;00000100000000;
28;1;T3;INTELIGÊNCIA ARTIFICIAL;SI;4;00000010000000;
29;1;T1;SISTEMAS DE APOIO À DECISÃO;SI;4;00000010000000;
30;2;T2;INTELIGÊNCIA ARTIFICIAL;CC + ES + EC + SI;4;00000010000000;
31;2;T1;SISTEMAS DE APOIO À DECISÃO;TADS + EC + CC + ES + SI;4;00000010000000;
32;1;T1;ESTÁGIO OBRIGATÓRIO;CC;2;00000000000010;
33;1;T1;FUNDAMENTOS DE REDES DE COMPUTADORES;ES;4;00001000000000;
34;1;T2;SISTEMAS OPERACIONAIS;EC;4;00000000100000;
35;2;T1;EMPREENDEDORISMO E INOVAÇÃO;ES;4;00000000000010;
36;2;T1;SEGURANÇA E AUDITORIA DE SISTEMAS;SI;4;00000000100000;
37;2;T1;ESTÁGIO OBRIGATÓRIO;CC;2;00000000000010;
38;1;T4;ALGORITMOS E PROGRAMAÇÃO I;SI;6;10000000000000;
39;2;T1;IMPLEMENTAÇÃO ALGORÍTMICA;ES;4;10000000000000;
40;2;T3;ALGORITMOS E PROGRAMAÇÃO I;CC + EC + SI + ES + TADS;6;10000000000000;
41;1;T2;ENGENHARIA DE SOFTWARE;SI;4;00000100000000;
42;1;T1;ENGENHARIA DE SOFTWARE;EC;4;00000100000000;
43;2;T2;INTERAÇÃO HUMANO-COMPUTADOR;SI;4;00000100000000;
44;2;T1;INTERAÇÃO HUMANO-COMPUTADOR;ES;4;00000100000000;
45;1;T4;ESTRUTURAS DE DADOS;SI + CC + EC + ES + TADS;4;10000000000000;
46;1;T3;ALGORITMOS E PROGRAMAÇÃO II;TADS + ES + CC + EC + SI;6;10000000000000;
47;2;T1;ANÁLISE DE ALGORITMOS - PÓS;POS;4;01000000000000;
48;2;T5;ALGORITMOS E PROGRAMAÇÃO II;CC + EC + ES + SI + TADS;6;10000000000000;
49;1;T1;SISTEMAS DISTRIBUÍDOS - PÓS;POS;4;00000000100000;
50;1;T1;SISTEMAS DISTRIBUÍDOS;CC;4;00000000100000;
51;2;T1;COMPUTAÇÃO DISTRIBUÍDA;ES;4;00000000100000;
52;2;T1;REDES DE COMPUTADORES;EC;4;00001000000000;
53;1;T2;LINGUAGENS FORMAIS E AUTÔMATOS;CC + EC;4;01000000000000;
54;1;T1;LINGUAGENS FORMAIS E AUTÔMATOS;CC;4;01000000000000;
55;2;T1;TÓPICOS EM COMPUTAÇÃO III;CC + EC + SI + ES + TADS;4;01000000000000;
56;2;T1;TÓPICOS EM TEORIA DA COMPUTAÇÃO (PLI) - PÓS;POS;4;01000000000000;
57;2;T1;FUNDAMENTOS DE TEORIA DA COMPUTAÇÃO;CC;4;01000000000000;
58;1;T6;ALGORITMOS E PROGRAMAÇÃO I;CC + EC + ES + SI + TADS;6;10000000000000;
59;2;T4;ALGORITMOS E PROGRAMAÇÃO I;CC + EC + ES + SI + TADS;6;10000000000000;
60;1;T1;INTELIGÊNCIA ARTIFICIAL;EC + CC;4;00000010000000;
61;1;T3;ESTRUTURAS DE DADOS;ES;4;10000000000000;
62;2;T1;REDES NEURAIS - PÓS;POS;4;00000010000000;
63;2;T2;ESTRUTURAS DE DADOS;CC + EC + ES + SI + TADS;4;10000000000000;
64;1;T1;ESTRUTURAS DE DADOS;CC;4;10000000000000;
65;1;T1;TEORIA DOS GRAFOS E SEUS ALGORITMOS;CC + EC + SI + TADS;4;01000000000000;
66;2;T1;PROJETO E ANÁLISE DE ALGORITMOS I;CC;4;01000000000000;
67;2;T1;ESTRUTURAS DE DADOS;SI;4;10000000000000;
68;1;T1;INSTRUMENTAÇÃO MICROPROCESSADA - PÓS;POS;4;00000000000100;
69;1;T1;MICROCONTROLADORES E APLICAÇÕES;EC;6;00000000000100;
70;2;T1;MICROCONTROLADORES E APLICAÇÕES;EC;6;00000000000100;
71;1;T2;ALGORITMOS E PROGRAMAÇÃO II;EC + SI + ES + TADS;6;10000000000000;
72;1;T1;ANÁLISE DE ALGORITMOS - PÓS;POS;4;01000000000000;
73;2;T1;FUNDAMENTOS MATEMÁTICOS PARA COMPUTAÇÃO;SI + TADS + ES;2;01000000000000;
74;2;T1;LINGUAGENS FORMAIS E AUTÔMATOS;EC;4;01000000000000;
75;1;T3;ALGORITMOS E PROGRAMAÇÃO - 51H;EA;3;10000000000000;
76;1;T2;ALGORITMOS E PROGRAMAÇÃO - 51H;EE;3;10000000000000;
77;1;T4;ALGORITMOS E PROGRAMAÇÃO - 51H;EP + EA + EE;3;10000000000000;
78;1;T1;ALGORITMOS E PROGRAMAÇÃO - 51H;CI;3;10000000000000;
79;2;T4;ALGORITMOS E PROGRAMAÇÃO - 51H;EP;3;10000000000000;
80;2;T2;ALGORITMOS E PROGRAMAÇÃO I;CC + EC + SI + ES + TADS;6;10000000000000;
81;2;T3;ALGORITMOS E PROGRAMAÇÃO - 51H;EAL;3;10000000000000;
82;1;T1;FUNDAMENTOS MATEMÁTICOS PARA COMPUTAÇÃO;ES;2;01000000000000;
83;1;T1;ALGORITMOS E PROGRAMAÇÃO II;CC + EC + ES;6;10000000000000;
84;2;T3;ALGORITMOS E PROGRAMAÇÃO II;ES;6;10000000000000;
85;2;T2;ALGORITMOS E PROGRAMAÇÃO II;EC;6;10000000000000;
86;2;T1;TÓPICOS EM SISTEMAS DISTRIBUÍDOS II;SI + CC + EC + ES + TADS;4;00000000100000;
87;2;T1;TÓPICOS ESPECIAIS EM IOT - PÓS;POS;4;00000000100000;
88;2;T2;REDES DE COMPUTADORES;CC;4;00001000000000;
89;1;T1;IMPLEMENTAÇÃO ALGORÍTMICA;ES;4;10000000000000;
90;1;T4;PRÁTICA EM DESENVOLVIMENTO DE SOFTWARE I;ES;2;00000100000000;
91;1;T2;PRÁTICA EM DESENVOLVIMENTO DE SOFTWARE I;ES;2;00000100000000;
92;1;T1;TÉCNICAS AVANÇADAS DE DESENVOLVIMENTO DE SOFTWARE;TADS;4;00000100000000;
93;2;T1;TÉCNICAS AVANÇADAS DE DESENVOLVIMENTO DE SOFTWARE;ES;4;00000100000000;
94;2;T2;PROGRAMAÇÃO PARA A WEB;ES;4;00000100000000;
95;2;T2;TÉCNICAS AVANÇADAS DE DESENVOLVIMENTO DE SOFTWARE;SI;4;00000100000000;
96;1;T3;ALGORITMOS E PROGRAMAÇÃO I;ES;6;10000000000000;
97;1;T5;ALGORITMOS E PROGRAMAÇÃO I;EFIS;6;10000000000000;
98;1;T3;INTRODUÇÃO A COMPUTAÇÃO;ES;2;00000000000010;
99;1;T1;INTRODUÇÃO A ENGENHARIA DE SOFTWARE;ES;2;00000000000010;
100;2;T5;PRÁTICA EM DESENVOLVIMENTO DE SOFTWARE II;ES;2;00000100000000;
101;2;T7;PRÁTICA EM DESENVOLVIMENTO DE SOFTWARE II;ES;2;00000100000000;
102;2;T1;ARQUITETURA DE SOFTWARE;ES;4;00000100000000;
103;1;T1;INTELIGÊNCIA ARTIFICIAL - PÓS;POS;4;00000010000000;
104;1;T2;INTELIGÊNCIA ARTIFICIAL;CC + EC + ES + SI;4;00000010000000;
105;2;T1;COMPUTAÇÃO GRÁFICA;CC;4;00010000000000;
106;2;T1;INTELIGÊNCIA ARTIFICIAL;ES;4;00000010000000;
107;1;T1;ENGENHARIA DE REQUISITOS;ES;4;00000100000000;
108;1;T4;INTRODUÇÃO A COMPUTAÇÃO;SI;2;00000000000010;
109;2;T2;ENGENHARIA DE SOFTWARE;SI + TADS + CC + EC;4;00000100000000;
110;2;T1;MANUTENÇÃO DE SOFTWARE;ES;2;00000100000000;
111;1;T1;ARQUITETURA DE COMPUTADORES II;CC;4;00100000000000;
112;2;T1;ARQUITETURA DE COMPUTADORES - PÓS;POS;4;00100000000000;
113;1;T2;FUNDAMENTOS MATEMÁTICOS PARA COMPUTAÇÃO;SI;2;01000000000000;
114;1;T3;FUNDAMENTOS MATEMÁTICOS PARA COMPUTAÇÃO;TADS;2;01000000000000;
115;2;T1;ALGORITMOS E PROGRAMAÇÃO I;BACFIS;6;10000000000000;
116;2;T1;ALGORITMOS E PROGRAMAÇÃO II;CC;6;10000000000000;
117;1;T3;ANÁLISE E PROJETO DE SOFTWARE ORIENTADO A OBJETOS;CC + EC + ES + SI + TADS;4;00000100000000;
118;1;T2;ANÁLISE E PROJETO DE SOFTWARE ORIENTADO A OBJETOS;SI;4;00000100000000;
119;1;T2;ESTÁGIO OBRIGATÓRIO;EC;2;00000000000010;
120;2;T1;QUALIDADE DE SOFTWARE;SI + TADS;4;00000100000000;
121;2;T1;ENGENHARIA DE REQUISITOS;ES;4;00000100000000;
122;2;T1;ANÁLISE E PROJETO DE SOFTWARE ORIENTADO A OBJETOS;CC;4;00000100000000;
123;2;T2;ESTÁGIO OBRIGATÓRIO;EC;2;00000000000010;
124;1;T1;PROJETO E ANÁLISE DE ALGORITMOS I;EC;4;01000000000000;
125;1;T2;PROJETO E ANÁLISE DE ALGORITMOS I;CC + EC + SI;4;01000000000000;
126;1;T1;LABORATÓRIO DE BANCO DE DADOS;TADS;4;00000000000001;
127;1;T1;PROGRAMAÇÃO PARA DISPOSITIVOS MÓVEIS;ES;4;00000000010000;
128;2;T2;LABORATÓRIO DE BANCO DE DADOS;SI;4;00000000000001;
129;2;T2;BANCO DE DADOS;ES;4;00000000000001;
130;2;T3;BANCO DE DADOS;SI;4;00000000000001;
131;1;T2;ALGORITMOS E PROGRAMAÇÃO I;EC;6;10000000000000;
132;2;T1;PROGRAMAÇÃO PARALELA;CC;4;10000000000000;
133;2;T4;ALGORITMOS E PROGRAMAÇÃO II;SI;6;10000000000000;
134;1;T5;PRÁTICA EM DESENVOLVIMENTO DE SOFTWARE I;ES;2;00000100000000;
135;1;T7;PRÁTICA EM DESENVOLVIMENTO DE SOFTWARE I;ES;2;00000100000000;
136;1;T1;ANÁLISE E PROJETO DE SOFTWARE ORIENTADO A OBJETOS;ES;4;00000100000000;
137;2;T2;ANÁLISE E PROJETO DE SOFTWARE ORIENTADO A OBJETOS;CC + EC + ES + SI + TADS;4;00000100000000;
138;2;T1;DESENVOLVIMENTO DE SOFTWARE - PÓS;POS;4;00000100000000;
139;1;T1;PROCESSAMENTO DIGITAL DE SINAIS - PÓS;POS;4;00100000000000;
140;1;T1;ANÁLISE DE SINAIS E SISTEMAS;EC;4;00100000000000;
141;2;T1;SISTEMAS DE INTEGRAÇÃO E AUTOMAÇÃO INDUSTRIAL;EC;4;00000000001000;
142;2;T1;ORGANIZAÇÃO DE COMPUTADORES;SI + ES + TADS;4;00000000001000;
143;1;T1;PROGRAMAÇÃO PARALELA;CC;4;10000000000000;
144;1;T1;SISTEMAS DIGITAIS;EC;4;00100000000000;
145;1;T2;SISTEMAS DIGITAIS;CC + EC;4;00100000000000;
146;2;T2;ARQUITETURA DE COMPUTADORES I;CC;4;00100000000000;
147;2;T1;ARQUITETURA DE COMPUTADORES I;EC;4;00100000000000;
148;1;T2;GERÊNCIA DE PROJETOS;TADS;4;00000100000000;
149;1;T1;GERÊNCIA DE PROJETOS;ES;4;00000100000000;
150;1;T1;MEDIÇÃO DE SOFTWARE;ES;2;00000100000000;
151;2;T1;GERÊNCIA DE PROJETOS;SI;4;00000100000000;
152;2;T1;MELHORIA DE PROCESSOS DE SOFTWARE;ES;2;00000100000000;
153;2;T2;GERÊNCIA DE PROJETOS;ES + EC + SI + TADS;4;00000100000000;
154;1;T1;TÓPICOS EM COMPUTAÇÃO II;CC + EC + SI + ES + TADS;4;00010000000000;
155;1;T1;COMPUTAÇÃO GRÁFICA;CC;4;00010000000000;
156;1;T1;ARQUITETURA DE COMPUTADORES I;CC + EC;4;00100000000000;
157;1;T2;ARQUITETURA DE COMPUTADORES II;EC;4;00100000000000;
158;2;T2;LABORATÓRIO DE HARDWARE;EC;4;00000000001000;
159;2;T1;LABORATÓRIO DE HARDWARE;EC;4;00000000001000;
160;1;T1;PROGRAMAÇÃO PARA REDES;EC + CC + ES + SI + TADS;2;00000000100000;
161;1;T1;COMPUTAÇÃO DISTRIBUÍDA;ES + SI + EC + TADS;4;00000000100000;
162;1;T1;COMUNICAÇÃO E TRANSMISSÃO DE DADOS;EC;2;00001000000000;
163;2;T1;MINERAÇÃO DE DADOS - PÓS;POS;4;00000000100000;
164;2;T2;EMPREENDEDORISMO E INOVAÇÃO;SI;4;00000000000010;
165;1;T1;ORGANIZAÇÃO DE COMPUTADORES;ES;4;00000000001000;
166;1;T2;ORGANIZAÇÃO DE COMPUTADORES;SI;4;00000000001000;
167;2;T1;TÓPICOS ESPECIAIS EM PROJETO DE EXPERIMENTOS - PÓS;POS;4;00100000000000;
168;2;T1;SISTEMAS DIGITAIS;CC;4;00100000000000;
169;1;T3;PRÁTICA EM DESENVOLVIMENTO DE SOFTWARE I;ES;2;00000100000000;
170;1;T1;VERIFICAÇÃO, VALIDAÇÃO E TESTE DE SOFTWARE;ES;4;00000100000000;
171;1;T1;PRÁTICA EM DESENVOLVIMENTO DE SOFTWARE I;ES;2;00000100000000;
172;2;T2;PRÁTICA EM DESENVOLVIMENTO DE SOFTWARE II;ES;2;00000100000000;
173;2;T4;PRÁTICA EM DESENVOLVIMENTO DE SOFTWARE II;ES;2;00000100000000;
174;2;T1;ENGENHARIA DE SOFTWARE;CC;4;00000100000000;
175;1;T1;SISTEMAS OPERACIONAIS - PÓS;POS;4;00000000100000;
176;1;T1;SISTEMAS OPERACIONAIS;CC;4;00000000100000;
177;1;T1;DESAFIOS DE PROGRAMAÇÃO;CC + EC + ES + SI + TADS;4;10000000000000;
178;1;T2;ESTRUTURAS DE DADOS;EC;4;10000000000000;
179;2;T2;FUNDAMENTOS DE TEORIA DA COMPUTAÇÃO;EC;4;01000000000000;
180;2;T2;PROJETO E ANÁLISE DE ALGORITMOS I;CC + EC;4;01000000000000;
181;2;T5;LINGUAGEM DE PROGRAMAÇÃO ORIENTADA A OBJETOS;SI + TADS;4;10000000000000;
182;2;T1;INTRODUÇÃO A SISTEMAS OPERACIONAIS;ES;4;00000000100000;
183;2;T1;COMPUTAÇÃO E SOCIEDADE;SI;2;00000000000010;
184;2;T2;INTRODUÇÃO A SISTEMAS OPERACIONAIS;SI;4;00000000100000;
185;1;T3;COMPUTAÇÃO E SOCIEDADE;ES;2;00000000000010;
186;1;T2;COMPUTAÇÃO E SOCIEDADE;EC;2;00000000000010;
187;1;T2;LINGUAGEM DE PROGRAMAÇÃO ORIENTADA A OBJETOS;CC + EC + ES + SI + TADS;4;10000000000000;
188;1;T1;COMPUTAÇÃO E SOCIEDADE;CC;2;00000000000010;
189;1;T4;LINGUAGEM DE PROGRAMAÇÃO ORIENTADA A OBJETOS;TADS;4;10000000000000;
190;2;T5;ALGORITMOS E PROGRAMAÇÃO - 51H;EQ;3;10000000000000;
191;2;T1;ALGORITMOS E PROGRAMAÇÃO - 51H;CI;3;10000000000000;
192;2;T1;LINGUAGEM DE PROGRAMAÇÃO ORIENTADA A OBJETOS;CC + EC + ES;4;10000000000000;
193;2;T2;LINGUAGEM DE PROGRAMAÇÃO ORIENTADA A OBJETOS;EC;4;10000000000000;
194;1;T1;PROGRAMAÇÃO PARA A WEB;SI;4;10000000000000;
195;1;T1;MODELAGEM DE PROCESSOS DE NEGÓCIO;SI;4;00000100000000;
196;1;T2;MODELAGEM DE PROCESSOS DE NEGÓCIO;CC + EC + SI + ES + TADS;4;00000100000000;
197;1;T1;MANUTENÇÃO DE SOFTWARE;ES;2;00000100000000;
198;2;T1;PROGRAMAÇÃO PARA A WEB;TADS;4;10000000000000;
199;2;T1;MODELAGEM DE PROCESSOS DE NEGÓCIO;ES;4;00000100000000;
200;2;T1;CONSTRUÇÃO DE SOFTWARE;TADS;6;00000100000000;
201;1;T2;CIRCUITOS ELETRÔNICOS;EC;6;00000000000100;
202;1;T1;CIRCUITOS ELETRÔNICOS;EC;6;00000000000100;
203;1;T1;PROGRAMAÇÃO LINEAR;CC + EC + ES + SI + TADS;4;01000000000000;
204;1;T1;FUNDAMENTOS DE TEORIA DA COMPUTAÇÃO;CC + EC;4;01000000000000;
205;1;T2;FUNDAMENTOS DE TEORIA DA COMPUTAÇÃO;CC + EC;4;01000000000000;
206;2;T1;INTRODUÇÃO À CRIPTOGRAFIA COMPUTACIONAL;SI + CC + EC + ES + TADS;4;00000000100000;
207;2;T1;TEORIA DOS GRAFOS E SEUS ALGORITMOS;CC;4;01000000000000;
208;1;T4;COMPUTAÇÃO E SOCIEDADE;CC + EC + ES + SI + TADS;2;00000000000010;
209;1;T1;INTRODUÇÃO A SISTEMAS OPERACIONAIS;TADS;4;00000000100000;
210;1;T7;ALGORITMOS E PROGRAMAÇÃO I;CC + EC + ES + SI + TADS;6;10000000000000;
211;2;T1;INTRODUÇÃO A COMPUTAÇÃO;CC + EC + ES + SI;2;00000000000010;
212;2;T1;SISTEMAS OPERACIONAIS;CC + EC;4;00000000100000;
213;2;T2;COMPUTAÇÃO E SOCIEDADE;CC + EC + ES + SI;2;00000000000010;
214;1;T3;BANCO DE DADOS;ES + SI + TADS;4;00000000000001;
215;1;T2;BANCO DE DADOS;CC + EC + SI + ES;4;00000000000001;
216;1;T1;BANCO DE DADOS;CC;4;00000000000001;
217;2;T1;BANCO DE DADOS;EC;4;00000000000001;
218;2;T1;LABORATÓRIO DE BANCO DE DADOS;ES;4;00000000000001;
219;2;T1;CONTROLE E SERVOMECANISMOS;EC;6;00000000000100;
220;2;T1;CIRCUITOS ELETRÔNICOS;EC;6;00100000000000;
221;1;T1;TÓPICOS AVANÇADOS EM PROGRAMAÇÃO;POS;3;00000010000000;
222;1;T4;ALGORITMOS E PROGRAMAÇÃO II;CC + EC + ES + SI;6;10000000000000;
223;2;T1;PROCESSAMENTO DE IMAGENS E APLICAÇÕES EM ENGENHARIA;POS;3;00000010000000;
224;2;T1;TÓPICOS EM PROCESSAMENTO DE IMAGENS;SI + CC + EC + ES + TADS;4;00000010000000;

nome;CHmin1;CHmax1;CHmin2;CHmax2;preferencias;areas;
Amaury Antonio de Castro Junior;8;8;8;10;10000001000010
54;5;
156;5;
2;10;
16;10;
1;10;
211;3;
74;5;
116;5;
17;10;
80;5;
Ana Karina Salina de Oliveira;20;12;12;14;10000000010000
209;5;
4;10;
194;5;
127;10;
2;10;
131;10;
3;10;
96;10;
182;5;
7;10;
193;10;
94;5;
6;10;
59;5;
Anderson Viçoso de Araújo;0;0;0;0;10010011000000
Awdren de Lima Fontão;16;10;10;12;00000100000000
197;5;
170;5;
107;5;
9;10;
10;10;
8;10;
12;10;
110;5;
11;10;
43;5;
14;10;
13;10;
Bianca de Almeida Dantas;10;6;6;14;11000001000000
4;2;
16;10;
64;10;
83;8;
178;10;
15;10;
5;1;
45;1;
74;1;
116;8;
17;10;
193;2;
63;5;
85;8;
Brivaldo Alves da Silva Junior;20;12;12;12;00001000000000
209;5;
194;1;
160;6;
33;5;
18;10;
19;10;
20;10;
52;5;
36;1;
22;10;
21;10;
88;5;
Bruno Barbieri de Pontes Cafeo;16;10;10;11;00000100000000
23;10;
170;7;
24;10;
215;7;
117;4;
25;10;
102;6;
153;3;
137;4;
27;10;
26;10;
Bruno Magalhães Nogueira;16;8;8;15;10000010000000
29;10;
214;1;
28;10;
5;5;
45;1;
38;1;
106;10;
67;1;
30;10;
130;1;
40;1;
6;1;
False;7;
59;1;
181;7;
Carlos Alberto da Silva;16;10;10;21;00101000100000
209;10;
188;10;
32;10;
176;10;
33;10;
186;10;
19;10;
34;10;
185;10;
208;10;
182;10;
52;10;
36;10;
212;10;
183;10;
35;10;
22;10;
184;10;
213;10;
164;10;
88;10;
Carlos Henrique Aguena Higa;16;10;10;23;11000000000000
124;10;
2;10;
82;7;
204;8;
89;10;
131;10;
113;7;
205;8;
125;10;
114;7;
96;10;
38;8;
58;7;
210;7;
73;6;
39;10;
66;10;
57;10;
179;10;
80;8;
180;10;
40;8;
59;8;
Cristiano Costa Argemon Vieira;0;0;0;0;10000000000000
Daniela Luiza Catelan Carneiro;0;0;0;0;00100000001000
Débora Maria Barroso Paiva;16;10;10;13;00000100000000
99;5;
107;5;
42;10;
24;5;
118;5;
41;10;
44;10;
122;5;
121;5;
43;10;
109;5;
137;5;
26;2;
Diego Padilha Rubert;20;12;12;9;11000000000000
46;10;
45;10;
115;10;
66;7;
47;10;
116;10;
67;3;
85;10;
84;3;
Dionisio Machado Leite Filho;16;10;10;10;00001000100000
209;9;
161;10;
49;10;
157;4;
19;10;
182;9;
142;4;
147;4;
51;10;
22;10;
Edna Ayako Hoshino;16;12;12;12;01000000000000
54;10;
65;1;
204;9;
113;1;
205;8;
125;3;
55;9;
73;1;
74;10;
56;7;
57;5;
179;5;
Edson Norberto Caceres;12;6;6;2;11000000000000
58;10;
59;10;
Edson Takashi Matsubara;16;8;8;15;10000010000000
103;5;
64;1;
83;1;
60;10;
104;10;
28;10;
210;1;
115;1;
106;10;
62;10;
67;1;
30;10;
85;1;
84;1;
133;1;
Eraldo Fernandes;0;0;0;0;10000010000000
Fábio Henrique Viduani Martinez;16;8;8;13;01000000000000
124;10;
54;1;
65;7;
89;5;
205;1;
53;1;
125;10;
39;5;
74;1;
66;10;
207;7;
57;1;
180;10;
Fábio Iaione;16;12;12;10;00000000001100
69;10;
202;1;
68;10;
144;1;
166;1;
70;10;
142;1;
168;1;
220;1;
123;1;
Francisco Elói Soares de Araújo;16;10;10;20;11000000000000
124;10;
54;10;
64;10;
False;10;
83;8;
71;8;
178;10;
53;10;
46;8;
45;10;
222;8;
74;10;
66;10;
116;8;
63;10;
180;10;
85;8;
84;8;
133;8;
48;8;
Glauder Guimaraes Ghinozzi;24;14;14;22;10000000000010
165;5;
144;5;
131;10;
76;10;
186;10;
145;5;
185;10;
96;10;
75;10;
False;10;
208;10;
97;10;
58;10;
210;10;
115;10;
142;5;
168;5;
183;10;
213;10;
80;10;
79;10;
190;10;
Graziela Santos de Araújo;20;12;12;13;11000000000000
82;10;
215;2;
114;10;
61;5;
False;10;
222;10;
191;10;
73;10;
85;10;
84;10;
40;7;
26;2;
133;9;
Hana Karina Salles Rubinsztejn;8;12;12;13;00001000100000
165;2;
161;6;
33;9;
50;9;
19;7;
114;1;
52;10;
86;10;
87;10;
51;6;
22;8;
21;6;
88;10;
Henrique Mongelli;0;4;4;1;01000000000000
89;10;
Hercules da Costa Sandim;0;0;0;0;10000000000001
Hudson Silva Borges;20;12;12;13;00000100000000
194;2;
92;10;
118;2;
91;10;
214;2;
90;10;
198;2;
7;2;
93;10;
94;10;
95;10;
137;2;
130;2;
Irineu Sotoma;10;12;12;12;10001000100000
176;1;
33;1;
50;1;
96;10;
61;1;
38;1;
115;10;
212;1;
22;1;
184;1;
63;1;
88;1;
Jane Dirce Alves Sandim Eleutério;12;10;10;11;00000100000000
99;10;
92;3;
136;3;
98;10;
90;3;
44;3;
122;3;
102;10;
95;3;
100;10;
101;10;
Jonathan de Andrade Silva;16;8;8;15;00000010000000
4;5;
103;10;
60;10;
131;3;
71;3;
178;10;
104;10;
5;5;
61;10;
224;10;
163;7;
105;3;
67;7;
30;10;
193;5;
Jucele França de Alencar Vasconcellos;12;8;8;11;10000100000000
197;4;
195;3;
107;10;
196;3;
108;10;
38;2;
110;10;
199;3;
121;3;
109;10;
40;2;
Liana Dessandre Duenha;8;4;4;4;00100000000000
156;10;
111;10;
157;10;
112;10;
Luciana Montera Cheung;16;12;12;25;11000000000010
2;10;
78;5;
83;1;
82;10;
1;10;
76;5;
113;10;
15;10;
114;10;
75;5;
108;10;
38;10;
97;10;
58;5;
191;2;
115;5;
73;10;
211;10;
116;5;
40;10;
81;5;
59;10;
79;5;
133;5;
190;5;
Luciano Édipo Pereira da Silva;20;14;14;15;00000100000000
99;3;
4;2;
107;6;
42;3;
136;5;
118;10;
187;2;
117;10;
192;2;
120;10;
122;10;
121;10;
193;2;
109;3;
6;2;
Luciano Gonda;0;0;0;0;00001000000000
Marcelo Augusto Santos Turine;0;0;0;0;00000100000000
Marcelo Henriques de Carvalho;8;8;0;11;01000000000000
124;10;
54;10;
65;10;
64;9;
178;9;
53;10;
125;10;
74;10;
66;10;
207;10;
180;10;
Marcio Aparecido Inácio da Silva;20;12;12;8;00000000010001
126;10;
127;10;
216;4;
3;4;
7;4;
129;10;
128;10;
130;10;
Marco Aurélio Stefanes;16;12;12;13;10000000000000
124;9;
2;10;
65;8;
64;10;
83;9;
131;8;
178;10;
132;10;
66;8;
207;9;
116;10;
63;8;
85;9;
Maria Istela Cagnin Machado;16;10;10;13;00000100000000
171;5;
136;10;
118;5;
91;5;
117;5;
134;10;
135;10;
122;5;
137;10;
27;5;
14;5;
101;5;
13;5;
Milton Ernesto Romero Romero;16;10;10;11;00100000001100
156;9;
165;8;
139;10;
140;10;
157;9;
182;9;
159;10;
141;10;
168;10;
147;10;
158;10;
Nahri Balesdent Moreano;20;12;12;14;00100000000000
143;10;
156;10;
165;1;
111;10;
144;10;
157;10;
166;1;
145;10;
142;1;
132;10;
168;10;
212;1;
147;10;
146;10;
Nalvo Franco de Almeida Junior;0;0;0;0;01000000000000
Patrícia Gomes Fernandes;20;12;12;14;00000100000000
150;10;
107;1;
42;5;
149;10;
136;1;
41;5;
148;10;
151;10;
44;5;
152;10;
121;1;
174;1;
153;10;
43;5;
Paulo Aristarco Pagliosa;8;8;0;5;00010001000000
4;9;
16;5;
155;9;
64;2;
154;10;
Renan Albuquerque Marks;16;10;10;15;00100000001000
156;10;
165;1;
111;10;
16;1;
144;10;
157;10;
166;1;
145;10;
159;10;
142;1;
168;10;
147;10;
17;1;
146;10;
158;10;
Renato Porfirio Ishii;16;10;10;11;00000000100000
160;10;
188;10;
162;10;
176;10;
50;10;
60;10;
29;10;
34;10;
52;10;
163;10;
88;10;
Ricardo Ribeiro dos Santos;16;10;10;13;00100000001000
156;10;
165;10;
111;10;
176;10;
144;10;
157;10;
145;10;
34;10;
182;10;
168;10;
212;10;
167;10;
147;10;
Rodrigo Funabashi Jorge;16;10;10;17;00000100000000
171;10;
170;10;
107;2;
42;6;
24;1;
136;6;
118;2;
41;2;
91;2;
169;10;
10;2;
122;6;
121;2;
174;10;
137;2;
172;10;
173;10;
Ronaldo Alves Ferreira;8;8;8;14;00001000100000
209;10;
175;10;
16;5;
176;10;
33;10;
19;10;
34;10;
182;10;
52;10;
17;5;
22;10;
146;5;
184;10;
88;10;
Said Sadique Adi;16;10;10;29;11000000000000
124;10;
54;7;
177;10;
65;10;
64;8;
83;7;
204;9;
71;7;
178;8;
205;9;
53;7;
125;10;
46;7;
61;8;
45;8;
222;7;
74;7;
66;10;
207;10;
116;7;
67;8;
57;9;
63;8;
179;9;
180;10;
85;7;
84;7;
133;7;
48;7;
Samuel Benjoino Ferraz;14;4;18;19;10000000000000
191;10;
115;10;
192;10;
142;10;
116;10;
193;10;
80;10;
85;10;
84;10;
40;10;
81;10;
6;10;
False;10;
59;10;
79;10;
133;10;
181;10;
48;10;
190;10;
Substituto 1;28;20;20;0;10000000000010
Substituto 2;28;20;20;0;00000100000000
Substituto 3;12;12;0;0;00000000000100
Vagner Pedrotti;20;12;12;14;01000000000000
54;1;
203;9;
65;10;
82;3;
204;7;
113;2;
205;8;
114;1;
73;1;
74;1;
207;7;
206;9;
57;10;
179;8;
Valéria Quadros dos Reis;20;16;16;19;00000000100010
209;10;
188;10;
176;10;
1;10;
186;10;
15;10;
34;10;
185;10;
98;10;
108;10;
208;10;
210;10;
211;10;
182;10;
212;10;
183;10;
184;10;
213;10;
40;10;
Vanessa Araujo Borges;20;12;12;12;00000000000001
216;10;
107;1;
118;1;
215;10;
214;10;
61;1;
10;1;
218;10;
116;1;
217;10;
27;1;
59;1;
Victor Leonardo Yoshimura;8;12;12;13;00000000000100
203;1;
69;1;
202;10;
162;10;
140;10;
144;1;
201;10;
145;1;
70;1;
141;1;
168;1;
220;10;
219;10;
Wesley Nunes Gonçalves;16;11;11;12;00000010000000
4;8;
221;10;
64;8;
83;10;
60;10;
104;10;
222;10;
192;8;
224;10;
223;10;
30;10;
63;8;